Id,Category
4G96.png,2
2879.png,2
1IAH.png,2
455H.png,1
246H.png,2
30N7.png,0
3FCI.png,2
3E4B.png,2
5E69.png,2
47F1.png,2
371D.png,2
2675.png,2
4H2A.png,2
1HFB.png,2
559L.png,1
310B9.png,2
57IL.png,1
3243.png,1
1ICB.png,0
52A3.png,0
37A9.png,1
43B3.png,0
4HD9.png,2
201F.png,0
5DDH.png,2
11F.png,2
202F.png,2
4EF2.png,2
4D95.png,2
31EB.png,0
5DD5.png,2
440B.png,0
43JJ.png,0
228F.png,0
1EBI.png,1
4FH7.png,2
1GG9.png,2
3G0D.png,2
0NN.png,0
3G9E.png,2
549L.png,1
55B9.png,2
5EDG.png,2
26A1.png,2
11AN.png,2
1H91.png,2
40AN.png,0
24NH.png,1
5H37.png,2
5DH9.png,2
2EFE.png,2
54A9.png,1
44D1.png,1
37FD.png,1
267.png,0
16ML.png,1
3IEH.png,1
44LD.png,2
2083.png,0
47BH.png,2
512B.png,0
113J.png,0
4589.png,1
23JF.png,2
56H.png,2
12AF.png,0
210CI.png,2
528N.png,0
30B3.png,0
12IB.png,0
5DG4.png,2
1I76.png,2
15BL.png,2
34CD.png,1
1GDA.png,2
6L1.png,2
50BN.png,0
5FEC.png,2
3AB.png,0
5F13.png,2
4I43.png,2
5HGG.png,2
6D5.png,1
40IB.png,0
40G3.png,2
32DF.png,0
610E0.png,2
1IGB.png,2
451.png,2
5HEE.png,2
1801.png,2
5DEI.png,2
36KD.png,1
109J.png,0
3IBE.png,1
4E0F.png,2
130B.png,0
4I4F.png,2
55LH.png,2
15L1.png,2
182D.png,2
0H7.png,1
41035.png,2
4H6A.png,2
1FDB.png,2
1E8F.png,1
33LJ.png,0
227.png,1
262L.png,2
359H.png,2
7H1.png,2
37EL.png,2
22E7.png,0
5097.png,0
275D.png,1
327N.png,0
308J.png,2
9HG0.png,2
415F.png,0
32HB.png,0
5F9F.png,2
47C1.png,1
6I9.png,1
53N3.png,0
101B.png,1
2F2C.png,2
40MF.png,0
5GL.png,1
1479.png,1
7HEI.png,2
12MJ.png,0
71L.png,2
41EN.png,2
4775.png,2
23B7.png,0
6HL.png,0
561L.png,2
375L.png,1
12CJ.png,2
52GF.png,0
1ECF.png,2
51002.png,2
160L.png,1
6EID.png,2
5E50.png,2
3105B.png,2
4H95.png,2
7K1.png,1
210C6.png,1
46I5.png,2
4I1G.png,2
41DJ.png,0
536J.png,0
1MJ.png,2
241F.png,0
32KN.png,2
4645.png,2
7D6I.png,2
5H55.png,2
3037.png,0
4I72.png,2
0M3.png,2
47GD.png,2
337.png,0
6D9.png,1
450D.png,2
40GJ.png,1
2D73.png,2
218F.png,0
32LJ.png,0
2FA0.png,2
6HH.png,1
23DB.png,0
4DAA.png,2
60D.png,2
41N3.png,0
158L.png,2
1769.png,2
16DL.png,2
553D.png,2
568D.png,2
33FF.png,0
57N1.png,1
54N1.png,2
5565.png,2
2217.png,0
3413.png,0
32EJ.png,0
24HH.png,1
4IAD.png,2
3GF8.png,2
34AL.png,1
11HF.png,0
5100A.png,2
3525.png,1
33J3.png,0
2EB2.png,2
1EF.png,0
24KL.png,1
9E5C.png,1
233B.png,1
42KB.png,0
2IH4.png,0
11HB.png,1
1108A.png,2
4F57.png,2
2G16.png,2
35HD.png,2
4197.png,1
11K3.png,0
2G23.png,2
25I9.png,1
5EI1.png,2
510F1.png,2
16IH.png,1
318B.png,0
44MD.png,1
16ND.png,2
235N.png,0
6H62.png,2
510HB.png,2
7GB4.png,2
7JD.png,2
4585.png,1
527B.png,0
30E3.png,0
5FHB.png,2
31F7.png,2
2E5G.png,1
4455.png,0
2E6D.png,2
4EI9.png,2
27M1.png,2
52H7.png,0
2DE6.png,2
55IL.png,2
42HF.png,0
0LF.png,1
5107H.png,2
1H3B.png,1
1765.png,1
57CL.png,2
43FJ.png,0
239J.png,2
4IC7.png,2
352D.png,0
80L.png,2
452H.png,1
1729.png,2
3313.png,2
116B.png,0
4689.png,1
176H.png,1
36H9.png,2
42N3.png,0
3353.png,0
350H.png,2
15BD.png,1
53LN.png,1
5M9.png,1
363L.png,2
56NL.png,1
1DH1.png,2
581D.png,2
32F3.png,2
8FE8.png,2
10A0.png,2
46AH.png,2
56D1.png,1
322F.png,0
26F9.png,1
31CB.png,0
5ECB.png,2
383.png,0
2F02.png,1
440J.png,2
2H4C.png,2
10GB.png,1
58H.png,2
12BB.png,2
26L5.png,2
3H04.png,2
32J3.png,0
525N.png,1
210D7.png,2
HDH.png,2
27I5.png,1
2G85.png,2
3FB1.png,2
53I3.png,0
402N.png,2
5781.png,1
14IL.png,1
45KD.png,2
44FD.png,2
44AD.png,2
348L.png,0
53L3.png,1
173.png,0
3IBA.png,2
26GH.png,1
1223.png,0
1F6G.png,2
14C1.png,1
1G70.png,2
5G49.png,2
2ICF.png,2
1IH0.png,2
36DD.png,2
377.png,0
1HIE.png,2
5ED4.png,2
284H.png,2
54LL.png,2
42A7.png,2
4D84.png,2
53EB.png,2
54B9.png,2
53EF.png,0
1GI7.png,2
20EF.png,0
1GDI.png,2
4E3E.png,2
4I7A.png,2
5H08.png,2
6HI2.png,2
10EN.png,0
470L.png,2
110H3.png,2
582H.png,0
35N1.png,2
2187.png,0
5HF3.png,2
3DCC.png,2
3F42.png,2
459D.png,2
6EA9.png,2
15K5.png,0
5HC8.png,2
0LJ.png,0
25FD.png,2
21GB.png,1
09F.png,0
11AJ.png,0
4043.png,1
6G5.png,2
12AJ.png,2
21D7.png,2
3685.png,2
223F.png,0
33C7.png,0
4EED.png,2
5H9D.png,2
2307.png,2
41D3.png,0
38N.png,0
12NN.png,2
1E83.png,2
3505.png,1
2I87.png,2
4DII.png,2
208B.png,0
2I03.png,2
518J.png,2
400J.png,2
316F.png,0
2HN.png,0
41J.png,0
2665.png,2
267L.png,2
549D.png,0
521.png,1
65H.png,2
1DA6.png,2
3F1F.png,2
3E14.png,2
42C3.png,0
5033.png,0
21028.png,2
5G34.png,2
1100E.png,2
0NJ.png,0
1691.png,2
4FBD.png,2
2501.png,2
1485.png,2
6LL.png,1
3G41.png,2
8H11.png,2
36F5.png,1
57J5.png,2
03J.png,0
2137.png,2
204J.png,0
515B.png,0
22K3.png,1
40A7.png,0
319J.png,0
1HEA.png,2
4719.png,1
1859.png,1
3475.png,1
12JJ.png,0
454L.png,2
10C3.png,0
24A1.png,2
11JN.png,2
H7B.png,2
1GC9.png,2
2FC2.png,2
523N.png,1
258D.png,1
3G1I.png,2
4B1.png,1
113.png,1
2G7G.png,2
5E98.png,2
52AB.png,2
5D77.png,2
4H6I.png,2
3EGB.png,2
3103.png,0
357L.png,2
25M1.png,1
24I9.png,1
3G27.png,2
11A3.png,0
2E72.png,2
7FG2.png,1
36FL.png,2
543B.png,0
3HAI.png,1
337F.png,0
5H4G.png,2
43FN.png,1
1G8D.png,2
43M3.png,0
46E5.png,2
3F39.png,2
373H.png,2
32I7.png,0
36GL.png,2
234F.png,0
17A1.png,2
45DL.png,1
1E4F.png,2
310FD.png,2
2EC7.png,2
3E90.png,2
2H51.png,2
5F4A.png,1
13GN.png,0
1FGA.png,1
5545.png,0
25J1.png,2
1GHA.png,2
310FH.png,1
1E3A.png,2
10NF.png,2
531N.png,0
3FEG.png,2
23CB.png,0
51082.png,2
25B.png,0
7ED0.png,2
3G5A.png,2
37EH.png,2
1D7B.png,2
1153.png,2
27AH.png,2
242J.png,0
310N.png,0
330N.png,0
1H84.png,2
40GF.png,0
5I36.png,2
31FB.png,0
409N.png,2
3FAC.png,2
8I5G.png,2
9HF7.png,1
0KN.png,0
1C7.png,0
21020.png,0
51039.png,2
183.png,0
8DBB.png,1
2841.png,0
36HD.png,2
15J.png,1
4257.png,0
24CH.png,1
517J.png,0
5BH.png,2
352L.png,0
32B3.png,0
51FJ.png,0
3E3.png,0
4FI8.png,2
331F.png,0
5IGF.png,2
3709.png,2
20HF.png,0
6IFA.png,2
5GC1.png,2
31060.png,2
3869.png,2
17IH.png,2
2H80.png,2
077.png,0
3IF.png,0
1I29.png,2
1549.png,2
31CJ.png,0
12MF.png,0
11IN.png,0
330J.png,0
5G38.png,2
45NL.png,2
44I1.png,1
20LB.png,0
1871.png,1
52JB.png,2
5IE5.png,2
44B.png,0
3651.png,1
789.png,2
4E1C.png,2
457D.png,2
2E29.png,2
2108E.png,2
1G3.png,0
10FF.png,0
274L.png,1
1569.png,2
12EF.png,0
52FJ.png,0
13D3.png,0
3107D.png,2
3EBA.png,0
07N.png,0
172D.png,2
51NF.png,1
36L9.png,2
3D8G.png,2
505J.png,0
444L.png,2
322N.png,2
54B5.png,1
6J1.png,1
47D5.png,2
10FB.png,0
1511.png,2
32FN.png,0
5E9G.png,2
2459.png,2
7D8C.png,2
51LB.png,0
3G67.png,2
2ID8.png,2
11079.png,2
4551.png,2
50F3.png,0
33AN.png,0
37GL.png,0
47G9.png,2
510BD.png,2
16GD.png,2
11E3.png,0
1133.png,0
39F.png,0
285L.png,0
27B9.png,1
14C5.png,1
610GA.png,2
249H.png,1
4I9G.png,2
1799.png,0
34BL.png,2
37NH.png,1
14CL.png,1
4D9D.png,2
413F.png,0
2GD2.png,2
7NL.png,2
41DF.png,0
14K9.png,2
107.png,0
3H48.png,2
23HN.png,0
14HL.png,2
5L9.png,1
5G56.png,2
41J3.png,1
15E5.png,1
20DN.png,0
510GE.png,2
1093.png,0
5I0F.png,2
2855.png,2
5DC8.png,2
56C1.png,1
2H5D.png,2
235F.png,2
4E32.png,2
117B.png,0
210E4.png,2
1G89.png,2
2273.png,0
86H.png,2
1E9C.png,2
8FAG.png,2
5IF2.png,2
2HAE.png,1
5D5.png,2
35AL.png,2
143N.png,1
56L.png,1
1885.png,2
52LB.png,0
1106G.png,2
55F9.png,2
41L7.png,0
229B.png,0
27ID.png,2
13CJ.png,0
7KL.png,2
25N5.png,0
1203.png,0
6CD.png,0
1IDC.png,2
43KB.png,2
269H.png,2
44IH.png,1
4MH.png,1
4F4E.png,2
24JL.png,2
33DF.png,0
185D.png,2
5I3I.png,2
20JJ.png,0
3GFC.png,2
3G81.png,2
3NJ.png,0
2791.png,2
3FBH.png,2
25G9.png,2
5759.png,2
37B.png,0
2FF.png,0
2GIB.png,2
33A7.png,0
324J.png,1
4IFI.png,2
1G1A.png,2
263D.png,1
16B5.png,2
1GE7.png,1
1F0A.png,1
1N7.png,0
725.png,0
576D.png,1
15DH.png,2
44F5.png,2
5FH.png,2
2GB8.png,2
4F35.png,2
1HAA.png,2
4I18.png,2
37LH.png,1
26N1.png,2
3805.png,2
202B.png,0
610DB.png,2
35JH.png,2
54ND.png,2
41097.png,2
120B.png,0
1FFD.png,2
3I98.png,2
1579.png,1
50DJ.png,0
809.png,0
42BJ.png,0
1515.png,1
2GE3.png,1
2417.png,0
2013.png,0
1GEB.png,2
21J.png,1
1DC0.png,1
11CF.png,1
318N.png,0
4DBF.png,2
40BB.png,1
51KJ.png,1
3849.png,2
473L.png,0
46A9.png,2
33E7.png,0
5IC3.png,0
414N.png,1
15N9.png,2
510F9.png,2
60H.png,1
4G01.png,2
2F28.png,2
5559.png,2
17JL.png,2
464D.png,1
43EN.png,0
5067.png,1
2I61.png,2
20BF.png,0
54L5.png,1
42JF.png,0
55M5.png,1
68H.png,1
23KJ.png,0
506B.png,0
14K1.png,2
25J.png,0
489.png,2
24E5.png,2
5397.png,0
25KH.png,2
5HII.png,2
1529.png,0
34G9.png,2
1HGC.png,2
1427.png,0
4HDD.png,2
64H.png,2
0KB.png,2
3H15.png,2
5II9.png,2
4DC4.png,0
32D7.png,1
1DA2.png,2
4GBC.png,2
01N.png,0
3595.png,2
5E7A.png,2
9IE9.png,2
785.png,2
51GN.png,0
25IH.png,2
2G63.png,2
739.png,2
46AD.png,1
41086.png,2
2741.png,2
5E1.png,2
417N.png,0
279H.png,1
4FH3.png,2
400N.png,1
3701.png,1
5F5B.png,1
4EE9.png,2
62D.png,0
53FB.png,0
EG7.png,2
274H.png,1
31GJ.png,2
42EN.png,0
10FN.png,1
3611.png,1
3H7F.png,2
307B.png,0
1861.png,1
4F71.png,2
5104E.png,2
2253.png,2
1F24.png,2
427J.png,0
156D.png,2
45HL.png,1
37DH.png,2
33H7.png,0
47DL.png,2
073.png,0
34J9.png,2
27JH.png,2
45JD.png,2
1E18.png,2
110BH.png,2
45MH.png,2
35I1.png,1
571H.png,1
5H44.png,2
7KH.png,2
57E1.png,2
310H7.png,2
513N.png,0
4E87.png,2
1HFF.png,2
51HJ.png,2
3G3.png,2
2F8E.png,2
53I7.png,0
4745.png,0
4HIA.png,2
320J.png,0
155L.png,0
5629.png,2
101J.png,0
6F1.png,2
33NN.png,2
5HH1.png,2
33L7.png,0
51BF.png,0
347H.png,1
6BL.png,1
26J9.png,0
2437.png,2
3447.png,0
1GC5.png,2
4101B.png,2
120F.png,0
1GH2.png,2
2GN.png,0
1H3F.png,2
3HH9.png,2
116N.png,0
34M9.png,2
11IF.png,0
10CN.png,2
240F.png,0
541.png,1
4G1.png,1
3IA9.png,2
659.png,1
2GBG.png,2
33KN.png,0
37E5.png,2
04B.png,0
30E7.png,0
52IJ.png,0
310G2.png,2
16ED.png,1
4102G.png,2
705.png,1
4601.png,1
21JB.png,0
4DF3.png,2
20EJ.png,0
506F.png,0
17ML.png,0
446D.png,0
50MN.png,0
1EJ.png,0
547L.png,0
31053.png,2
4H5.png,0
3287.png,0
2E21.png,2
54L1.png,1
8F6C.png,2
210AC.png,1
1FCE.png,2
3DEE.png,1
164L.png,2
05N.png,0
26N5.png,2
469D.png,1
344D.png,0
3FGE.png,2
35EL.png,0
44BH.png,2
110CA.png,2
561.png,2
384L.png,1
70D.png,2
526B.png,0
1I2D.png,2
5I8B.png,2
307F.png,0
40I3.png,0
21BJ.png,0
3FD3.png,2
3599.png,2
2491.png,2
8IG7.png,2
2HG8.png,2
283D.png,2
419B.png,1
42B.png,1
5063.png,1
16G9.png,1
5I4B.png,0
40AB.png,0
5FI4.png,1
2102C.png,2
15E9.png,2
12IN.png,0
35HH.png,2
3K7.png,0
41A7.png,0
1D62.png,2
237J.png,0
2G8H.png,2
51LJ.png,0
15DD.png,1
7H26.png,1
47FL.png,2
2I7I.png,2
43MJ.png,2
37C9.png,2
81071.png,1
45G5.png,1
5ID4.png,2
1407.png,0
4631.png,1
4E94.png,2
408N.png,1
20G7.png,0
3EAH.png,2
40LN.png,0
44N5.png,1
53HB.png,2
4DIA.png,2
2D91.png,2
2FB5.png,2
5DGC.png,2
32B.png,1
44HD.png,1
307J.png,0
50NB.png,0
265D.png,2
3387.png,0
32N7.png,0
461H.png,1
21M3.png,2
1DH5.png,2
4575.png,2
187H.png,2
3GHI.png,2
39B.png,0
277H.png,1
5FE4.png,2
4GGD.png,2
37D1.png,2
27K5.png,0
572L.png,1
6B1.png,1
4DAE.png,2
3GA7.png,2
23H3.png,1
466H.png,1
11068.png,2
20CB.png,0
4DD.png,2
40I7.png,1
25GH.png,1
5G45.png,2
1G12.png,2
53DJ.png,0
2EG3.png,2
4619.png,2
5481.png,0
47D.png,1
3H73.png,2
5ID0.png,2
40H3.png,0
25FL.png,2
4F68.png,2
7HHD.png,2
139N.png,2
52M7.png,2
1FF9.png,2
749.png,2
06J.png,0
41JJ.png,1
30JB.png,0
33BF.png,1
2G4H.png,2
526F.png,0
325F.png,0
11M7.png,0
303F.png,0
2HC4.png,2
426N.png,0
430F.png,2
263H.png,2
15JL.png,2
110C2.png,2
31G7.png,1
21H3.png,0
3I6D.png,1
357.png,0
27HD.png,1
54JD.png,2
1G5E.png,2
52GB.png,0
310B.png,0
755.png,1
10J.png,0
21093.png,2
4681.png,2
3G92.png,2
3E03.png,2
36J5.png,1
35LD.png,2
1DG0.png,2
42DJ.png,0
5831.png,0
2F7.png,0
422B.png,0
26H1.png,2
312F.png,0
1J7.png,0
35H9.png,2
1881.png,1
2FA8.png,2
4IB2.png,2
30BJ.png,0
36H5.png,2
210CE.png,1
4EA5.png,2
11AF.png,1
3DG8.png,2
327.png,1
468L.png,2
9EBE.png,2
6DFF.png,2
22DN.png,0
2811.png,1
35D9.png,2
5EB6.png,2
5IG3.png,2
183H.png,2
54F9.png,1
609.png,0
13LB.png,2
5347.png,0
2ED8.png,2
4519.png,1
6EH.png,2
41NB.png,0
1DGG.png,2
3D66.png,2
4DIE.png,2
54ML.png,2
4695.png,1
36NH.png,1
37KD.png,2
121N.png,2
22AN.png,1
24GL.png,2
42DB.png,0
47ED.png,0
510B1.png,2
47DD.png,0
5E25.png,2
2GG5.png,2
504N.png,2
240N.png,2
47G5.png,2
41MF.png,2
2EDC.png,2
27I9.png,1
4H99.png,2
219F.png,0
2GGH.png,2
17HL.png,1
554D.png,2
323.png,2
3I54.png,2
433J.png,2
1II1.png,1
210F5.png,2
7D9.png,2
1751.png,2
9E36.png,2
57M9.png,2
4H0G.png,2
6E9.png,1
56M1.png,1
245D.png,2
335B.png,0
4I9C.png,2
1BB.png,0
45G1.png,2
54EL.png,0
46C9.png,1
55I5.png,1
2EFI.png,2
504F.png,0
205F.png,0
210F.png,0
5FIG.png,2
12L7.png,0
47CD.png,1
56MH.png,2
5A9.png,2
5I32.png,2
2FHF.png,2
36FH.png,1
1889.png,2
2G05.png,2
2CN.png,0
186D.png,2
2I10.png,2
31MN.png,0
15B1.png,1
145H.png,0
FGI.png,2
4641.png,2
1247.png,0
1EH4.png,2
441B.png,0
9IIH.png,2
503N.png,1
30KF.png,0
10IJ.png,0
403B.png,0
4I14.png,2
121F.png,0
45CD.png,1
51B7.png,0
219N.png,0
12I3.png,1
370H.png,1
23BN.png,0
151D.png,2
1403.png,0
4H1D.png,2
2I7E.png,2
534J.png,1
51B3.png,0
3EI5.png,1
2DD9.png,1
3K3.png,0
27N5.png,1
1GF4.png,2
45J9.png,2
1237.png,2
161D.png,2
444H.png,2
1F8A.png,2
527F.png,0
81L.png,2
52NB.png,1
2E65.png,2
2F82.png,2
1EE5.png,2
3GAF.png,2
53H.png,2
5F17.png,2
2163.png,0
14GH.png,1
5G7C.png,2
5DHH.png,2
54D5.png,0
62H.png,2
367.png,0
13IB.png,0
379D.png,0
3EH8.png,2
56JL.png,1
4IHC.png,2
4105F.png,2
36CH.png,1
338J.png,1
187D.png,2
3343.png,0
555D.png,2
33F.png,0
4047.png,0
51I3.png,2
12KJ.png,0
1DD1.png,2
2571.png,2
2FDF.png,2
3H66.png,2
5E43.png,2
1G3C.png,2
52GJ.png,2
523B.png,0
1625.png,2
6DH.png,2
4FG6.png,2
36M5.png,2
2FCA.png,2
10AF.png,0
44M5.png,2
27ND.png,2
4293.png,1
HB7.png,2
4649.png,2
815.png,2
2731.png,2
172H.png,2
4IA1.png,2
20N.png,0
24AH.png,0
3FIC.png,2
3461.png,2
41046.png,2
1F53.png,2
578L.png,2
27AL.png,2
4HE6.png,2
54J5.png,1
324N.png,0
21K7.png,0
21MB.png,0
2HCC.png,2
3D99.png,2
3I58.png,2
2FB9.png,2
26I1.png,2
55K9.png,1
5615.png,0
2G9A.png,2
446L.png,2
310EC.png,2
26KL.png,2
3845.png,2
4HH5.png,2
78D.png,1
2EA1.png,2
54NL.png,0
341N.png,0
55LL.png,2
1GAB.png,2
131J.png,2
5IED.png,1
5581.png,1
169L.png,2
30K3.png,0
8106C.png,2
465.png,2
4393.png,0
10HN.png,0
14KH.png,1
4GEF.png,2
1G5I.png,2
4DB3.png,2
44KD.png,1
44D9.png,1
13CF.png,2
32EB.png,1
3G9I.png,2
47AD.png,0
2F64.png,1
4HBF.png,2
12B7.png,0
5671.png,2
1IE1.png,2
14F.png,0
50J3.png,0
31DN.png,0
52H3.png,0
55CH.png,2
1F9B.png,2
77L.png,2
5DB7.png,2
28B.png,2
10N3.png,0
575H.png,2
3G0H.png,2
1109F.png,0
3E0B.png,0
26BH.png,2
432F.png,2
2E2D.png,2
16K9.png,0
22L3.png,2
4104I.png,2
605.png,1
506N.png,0
2699.png,2
6B9.png,2
21I7.png,0
17E9.png,1
57C5.png,2
4F75.png,2
45B5.png,2
41IJ.png,0
74D.png,2
4F3D.png,2
214J.png,0
55ED.png,2
30M7.png,0
2721.png,2
51DB.png,1
21075.png,2
1103H.png,2
21IB.png,0
581H.png,1
4F4I.png,2
47F9.png,1
285H.png,2
73D.png,0
5H19.png,2
110AG.png,2
29N.png,0
2FA4.png,2
7GH.png,1
11E7.png,1
511B.png,0
321B.png,1
3J7.png,0
3715.png,2
4H40.png,2
15F1.png,2
32FB.png,0
43KF.png,0
23AF.png,0
2373.png,0
7N9.png,0
36CL.png,2
3CN.png,0
34FL.png,1
1108I.png,2
310A4.png,2
57L1.png,1
24H1.png,1
329J.png,0
584D.png,2
12MN.png,0
1EF6.png,2
3I90.png,2
10B7.png,0
57I1.png,1
2F0I.png,2
4IF6.png,2
3H9H.png,1
3DF7.png,2
4679.png,0
0EB.png,2
1II5.png,2
1FF1.png,2
3GF0.png,1
46JD.png,2
2117.png,0
11J.png,2
1GIF.png,2
2865.png,0
532N.png,0
1H7.png,0
41L3.png,0
2EAD.png,2
5F1B.png,2
45H1.png,1
4D6E.png,2
51057.png,2
41HN.png,0
6E1G.png,2
3DAI.png,2
5HE2.png,1
DE2.png,1
5DHD.png,2
1HB3.png,2
6FD.png,2
50JN.png,0
1277.png,1
54DL.png,1
210I0.png,2
21031.png,2
50L3.png,0
510GI.png,2
5761.png,2
2469.png,2
2IH8.png,2
2103D.png,2
4639.png,2
13C3.png,0
24BD.png,2
17H5.png,2
5F86.png,2
317.png,0
4167.png,1
21BN.png,2
5H5.png,1
56BD.png,2
3H33.png,2
16C5.png,2
34B.png,1
44JH.png,1
40IF.png,0
5G74.png,2
54E1.png,1
4G6F.png,2
537N.png,2
3IHG.png,2
3FI0.png,2
236N.png,0
4E58.png,2
26K5.png,0
2LN.png,0
12NJ.png,2
22G7.png,1
2H5H.png,2
2017.png,0
45MD.png,2
54A5.png,2
43GF.png,0
3F46.png,2
3E8B.png,2
510G6.png,2
3GFG.png,2
22M3.png,0
2333.png,2
45AH.png,2
20A3.png,0
4H88.png,2
234N.png,2
538B.png,0
165L.png,2
5E47.png,2
57BL.png,2
0MB.png,2
F97.png,2
57HH.png,2
442N.png,0
1829.png,1
9G2F.png,2
669.png,1
3M7.png,0
53G7.png,0
1EHG.png,2
023.png,0
193.png,0
3157.png,0
45ND.png,0
143J.png,0
34G5.png,2
224B.png,0
551L.png,1
4H8C.png,2
436F.png,0
5EFA.png,2
5I3A.png,2
1G09.png,2
183L.png,2
0DB.png,0
50F7.png,0
7L9.png,1
HD1.png,1
2IA5.png,2
13BB.png,0
7BD.png,1
5FE0.png,2
3143.png,0
12MB.png,0
4I6H.png,2
4363.png,2
51KF.png,1
1433.png,1
3GH6.png,2
207.png,0
4499.png,1
44ID.png,1
2HA6.png,2
5027.png,0
36MD.png,0
37LD.png,2
4G4D.png,2
410B5.png,1
46N9.png,1
15N.png,0
3G2B.png,2
3H59.png,2
5D5H.png,2
1053.png,0
2E2H.png,1
3100I.png,2
4087.png,0
3F7.png,0
12J7.png,1
2K7.png,1
44M1.png,2
4EE1.png,2
3101F.png,2
3EIH.png,2
825.png,2
4F93.png,2
553L.png,1
133N.png,1
210HF.png,2
17B1.png,1
54E9.png,2
210E8.png,2
2FD7.png,1
35J5.png,2
31KN.png,0
20D7.png,2
1EHC.png,2
2GB0.png,2
23DN.png,1
5E10.png,2
3IID.png,2
54N9.png,0
1GD6.png,2
3EJ.png,0
1263.png,0
4HG4.png,2
54J1.png,1
12NF.png,1
438F.png,1
55C5.png,2
591.png,2
5E07.png,2
523J.png,0
14EH.png,1
35NH.png,2
3EEH.png,2
300F.png,0
3JN.png,0
82L.png,1
7DCG.png,2
43BJ.png,0
102J.png,0
5HBB.png,2
36B.png,1
4H1H.png,2
2875.png,0
23MN.png,0
1443.png,2
3H22.png,1
4FH.png,1
80D.png,2
17MD.png,2
40GN.png,0
14L9.png,2
5ML.png,2
508F.png,0
45EH.png,1
3E7E.png,2
20DF.png,1
32KF.png,0
11006.png,1
20CJ.png,0
5057.png,0
3I07.png,2
3I83.png,1
1297.png,0
4G78.png,2
7MH.png,2
24LH.png,2
4E3I.png,2
4I50.png,2
248D.png,0
17F.png,0
2E54.png,1
3283.png,0
9I5C.png,2
34F1.png,2
30FJ.png,0
40J7.png,1
IDG.png,2
548H.png,2
1F5F.png,2
3F06.png,2
350L.png,2
4H00.png,1
6G1.png,1
1HHH.png,2
1G6B.png,1
41042.png,2
1HI6.png,2
11LN.png,0
20JF.png,2
25C1.png,2
267D.png,2
1655.png,0
3F8I.png,2
4IFE.png,2
3GI3.png,2
5303.png,0
4FF5.png,2
43AJ.png,0
57F5.png,2
580H.png,2
2DI2.png,2
3D9H.png,2
2I65.png,2
23JB.png,0
56JH.png,1
1F7D.png,2
31CN.png,0
21JF.png,0
4D88.png,2
23MF.png,1
1H8G.png,2
3F20.png,2
1DFB.png,1
4E61.png,2
50MJ.png,0
25K1.png,2
52C7.png,2
23LF.png,0
310D3.png,2
1839.png,1
554H.png,2
8EH0.png,2
26LH.png,2
37G1.png,1
112J.png,0
1GDE.png,1
5GA3.png,2
3821.png,1
366D.png,2
32BF.png,0
25A5.png,2
3DEA.png,1
15F5.png,2
57FH.png,1
21NN.png,1
50AJ.png,0
37B5.png,1
4213.png,2
13MB.png,2
3G52.png,2
4661.png,2
4DDD.png,2
46EL.png,1
37H9.png,2
57L5.png,2
4D7F.png,2
20K7.png,0
25AD.png,1
3F3H.png,2
5H77.png,2
2I47.png,2
4147.png,0
555.png,2
5I25.png,2
5735.png,0
55A1.png,0
410A8.png,2
51FN.png,0
21GF.png,0
1819.png,2
3531.png,0
52LF.png,0
316J.png,0
35KL.png,1
26ID.png,1
311N.png,1
5F7H.png,2
1H6E.png,2
2E3.png,0
32J.png,2
5FC6.png,0
27J1.png,2
31024.png,2
55L5.png,2
36KH.png,2
7F31.png,2
2G30.png,2
210EG.png,2
20C7.png,0
2D3.png,0
36LD.png,1
1423.png,0
24K5.png,2
513B.png,0
54DH.png,2
15C9.png,2
16M9.png,2
6IL.png,2
4123.png,0
1HD5.png,2
4HA2.png,2
1AB.png,1
51LF.png,0
5835.png,1
5EC3.png,2
557H.png,2
31017.png,0
4I94.png,2
2621.png,1
386L.png,1
2E6H.png,2
11064.png,2
478H.png,2
45L.png,1
43GJ.png,0
4I5.png,2
233.png,0
5GHE.png,2
43N7.png,0
51F3.png,0
5I3E.png,2
0HJ.png,0
205B.png,0
26E1.png,2
122J.png,0
2IBI.png,2
2D6A.png,2
40IN.png,0
10D3.png,0
131B.png,0
5I1C.png,2
6AL.png,1
4177.png,0
53GB.png,2
4H9.png,1
4E76.png,2
3G3G.png,2
3F3.png,0
528J.png,2
576L.png,1
1H0C.png,2
1795.png,2
77D.png,2
479L.png,2
11013.png,2
5509.png,2
2471.png,2
57K9.png,1
335J.png,0
57LL.png,2
5H2E.png,2
23HJ.png,0
50HB.png,0
42HJ.png,0
309B.png,0
2F2G.png,2
46A5.png,1
3IN.png,1
12G3.png,0
1H2I.png,2
22BN.png,0
129F.png,1
2779.png,1
771.png,0
1F0E.png,2
2GG1.png,2
426J.png,2
40CF.png,1
26K1.png,1
424F.png,0
25GD.png,2
53A3.png,0
23D7.png,0
14C9.png,0
451H.png,1
512N.png,0
1KB.png,0
41FF.png,2
7M5.png,1
3I0B.png,2
4I8F.png,2
30L7.png,0
3535.png,2
187L.png,2
4HC0.png,2
3G1E.png,1
3495.png,1
3635.png,2
17A5.png,2
33NF.png,0
9DI6.png,2
57J9.png,2
2127.png,0
166L.png,1
1851.png,2
5I21.png,2
3539.png,1
32CB.png,2
53NB.png,0
34ED.png,2
5D80.png,2
1IB6.png,2
2E7I.png,2
243F.png,0
14B.png,0
45D1.png,2
31C3.png,0
35CL.png,2
3109B.png,2
2F60.png,0
20KJ.png,0
52IF.png,0
14GD.png,2
1711.png,0
5HCG.png,2
42CF.png,0
3EGF.png,2
4F79.png,2
3104A.png,2
5I2H.png,1
41NJ.png,0
210DF.png,2
142F.png,0
42JN.png,0
2I69.png,2
2GCH.png,2
37CH.png,1
13HF.png,2
4FFH.png,2
15ID.png,0
367H.png,2
43IJ.png,1
5GCD.png,1
